<?xml version="1.0" encoding="UTF-8"?>
<!--
 Copyright (c) 2014 Oracle and/or its affiliates. All rights reserved.
-->

<s:tasBlueprint xsi:schemaLocation="http://xmlns.schemas.oracle.com/tasBlueprint TASBlueprint.xsd" xmlns:s="http://xmlns.schemas.oracle.com/tasBlueprint" xmlns:xsi="http://www.w3.org/2001/XMLSchema-instance">
    <s:serviceCatalog>
        <s:name>APAAS</s:name>
        <s:displayName>Oracle Application Container Cloud</s:displayName>
        <s:displayName_translationKey>serviceCatalog.displayName</s:displayName_translationKey>
        <s:serviceCategory>PAAS</s:serviceCategory>
        <s:opcVersion>16.3.3.0.0</s:opcVersion>
        <s:gettingStartedUrl>http://www.oracle.com/pls/topic/lookup?ctx=cloud&amp;id=apaasgs</s:gettingStartedUrl>
        <s:serviceConfiguration>
            <s:name>CUSTOM</s:name>
            <s:displayName>Oracle Application Container Cloud</s:displayName>
            <s:displayName_translationKey>serviceConfigurationCustom.displayName</s:displayName_translationKey>
            <s:description>Oracle Application Container Cloud</s:description>
            <s:description_translationKey>serviceConfigurationCustom.description</s:description_translationKey>
            <s:rank>1</s:rank>
            <s:offeringType>ALL</s:offeringType>
        </s:serviceConfiguration>
        <!--CLOUD_ACCOUNTS -->
        <s:cloudAccountConfig>
                <s:idcsSupported>ENABLED</s:idcsSupported>
        </s:cloudAccountConfig>
        <s:entitlementIdcsConfig>
                <s:idcsAppId>
                        <s:name>APAAS_IMPERSONATE</s:name>
                        <s:description>Impersonation AppID</s:description>
                        <s:displayName>APAAS_APPID</s:displayName>
                </s:idcsAppId>
                <s:idcsRole>
                        <s:displayName>APaaS_Administrator</s:displayName>
                        <s:description>APaaS Administrator</s:description>
                        <s:availableForGranting>true</s:availableForGranting>
                        <s:adminRole>true</s:adminRole>
                </s:idcsRole>
        </s:entitlementIdcsConfig>
        <!--CLOUD_ACCOUNTS -->

        <s:serviceSettings>
            <s:archiveSettings>
                <!-- Indicates that soft termination is enabled for the service -->
                <s:archiveMode>SOFT</s:archiveMode>
            </s:archiveSettings>
        </s:serviceSettings> 

        <!-- cloudCreditType : CloudCreditType is an enum which can have one of the following values IAASMB, JAVAMB, DBMB.
              Each service belongs to a particular cloudCreditType e.g Compute comes under IAASMB,
              DBAAS comes under DBMB and JAAS comes under JAVAMB.-->

        <s:cloudCreditConfig>
            <s:cloudCreditType>JAVAMB</s:cloudCreditType>
        </s:cloudCreditConfig>
        <!-- Subscription related metadata. Please don't change it without discussing with Ravi M or Venkat M -->
        <s:subscriptionConfig>
                <s:subscriptionModel>SERVICE_ENTITLEMENT</s:subscriptionModel>
                <s:meteringServiceConfig>
                    <s:meteringEnabled>true</s:meteringEnabled>
                    <s:meteredResourceToSrvcComponents>
                        <s:resourceName>APAAS_JAVASE_GB_MONTH</s:resourceName>
                        <s:serviceComponentInfoList>
                            <s:serviceComponentInfo>
                                <s:component>B86396</s:component>
                            </s:serviceComponentInfo>
                       <!--     <s:serviceComponentInfo>
                                <s:component>B85265</s:component>
                            </s:serviceComponentInfo>
                            <s:serviceComponentInfo>
                                <s:component>B85268</s:component>
                            </s:serviceComponentInfo> -->
                        </s:serviceComponentInfoList>
                    </s:meteredResourceToSrvcComponents>
                </s:meteringServiceConfig>
                <s:serviceDependency>
                    <s:serviceName>Compute</s:serviceName>
                </s:serviceDependency>
            </s:subscriptionConfig>
    </s:serviceCatalog>

    <!-- Metering related metadata. Please don't change it without discussing with Ravi M or Venkat M -->
    <s:metering>
        <s:resource>
            <s:resourceName>APAAS_JAVASE_GB_MONTH</s:resourceName>
            <s:resourceName_translationKey>javase1.displayName</s:resourceName_translationKey>
            <s:description>GB Month</s:description>
            <s:description_translationKey>javase1.displayDescription</s:description_translationKey>
            <s:rawUnitDisplayName>GB Months</s:rawUnitDisplayName>
            <s:hourlyUnitDisplayName>GB Months</s:hourlyUnitDisplayName>
            <s:dailyUnitDisplayName>GB Months</s:dailyUnitDisplayName>
            <s:aggregationMultiplier>Monthly</s:aggregationMultiplier>
            <s:gsiProductId>B83824</s:gsiProductId>
            <s:gsiUsageUnit>Gigabyte Memory Per Month</s:gsiUsageUnit>
            <s:usagePolicy>
                <s:pointToHoursAggregator>MAX</s:pointToHoursAggregator>
            </s:usagePolicy>
            <s:conversionPolicy>
                <s:source>
                    <s:tag>ORA.APAAS.JAVASE.MONTHLY</s:tag>
                    <s:serviceName>Compute</s:serviceName>
                    <s:resourceName>MEMORY_GB</s:resourceName>
                </s:source>
            </s:conversionPolicy>
        </s:resource>
	<s:resource>
            <s:resourceName>APAAS_JAVASE_SE_GB_HOUR</s:resourceName>
            <s:resourceName_translationKey>javase2.displayName</s:resourceName_translationKey>
            <s:description>GB Hour</s:description>
            <s:description_translationKey>javase2.displayDescription</s:description_translationKey>
            <s:rawUnitDisplayName>GB Hours</s:rawUnitDisplayName>
            <s:hourlyUnitDisplayName>GB Hours</s:hourlyUnitDisplayName>
            <s:dailyUnitDisplayName>GB Hours</s:dailyUnitDisplayName>
            <s:aggregationMultiplier>Hourly</s:aggregationMultiplier>
            <s:gsiProductId>B83823</s:gsiProductId>
            <s:gsiUsageUnit>Gigabyte Memory Per Hour</s:gsiUsageUnit>

            <s:usagePolicy>
                <s:pointToHoursAggregator>MAX</s:pointToHoursAggregator>
            </s:usagePolicy>
            <s:conversionPolicy>
                <s:source>
                    <s:tag>ORA.APAAS.JAVASE.HOURLY</s:tag>
                    <s:serviceName>Compute</s:serviceName>
                    <s:resourceName>MEMORY_GB</s:resourceName>
                </s:source>
            </s:conversionPolicy>
        </s:resource>
        <!-- when ACCS resources breach, then breach corresponding Compute resource also -->
        <!--<s:breachDependency>
            <s:type>RESOURCE</s:type>
            <s:resourceNames>
                <s:name>APAAS_JAVASE_SE_GB_HOUR</s:name>
                <s:name>APAAS_JAVASE_GB_MONTH</s:name>
            </s:resourceNames>
            <s:affectedServiceInfo>
                <s:serviceName>Compute</s:serviceName>
                <s:resourceName>OCPU_HP</s:resourceName>
                <s:resourceName>OCPU_GP</s:resourceName>
            </s:affectedServiceInfo>
         </s:breachDependency> -->
         <!-- when compute OCPU breaches, then breach ACCS also -->
    <s:breachDependency>
		<s:type>RESOURCE</s:type>
		<s:serviceName>Compute</s:serviceName>
		<s:resourceNames>
			<s:name>OCPU_GP</s:name>
			<s:name>OCPU_HP</s:name>
            <s:name>MEMORY_GB</s:name>
            <s:name>BLOCK_STORAGE</s:name>
            <s:name>EIPs</s:name>
            <s:name>EIPs_UNATTACHED</s:name>
		</s:resourceNames>
	</s:breachDependency>
	<s:breachDependency>
		<s:type>CLOUD_CREDIT</s:type>
		<s:serviceName>Compute</s:serviceName>
	</s:breachDependency>
 
    </s:metering>

    <s:associations>
        <s:association>
            <s:sourceConfig>
                <s:name>CUSTOM</s:name>
                <s:offeringType>ALL</s:offeringType>
            </s:sourceConfig>
            <s:targetAssociations>
                <s:targetAssociationInfo>
                    <s:serviceInfo>
                        <s:name>Storage</s:name>
                        <s:srvcConfigs>
                            <s:srvcConfig>
                                <s:name>CUSTOM</s:name>
                                <s:offeringType>ALL</s:offeringType>
                            </s:srvcConfig>
                        </s:srvcConfigs>
                    </s:serviceInfo>
                    <s:isMandatoryAssociation>true</s:isMandatoryAssociation>
                    <s:createNewSubscription>false</s:createNewSubscription>
                    <s:isExclusiveAssociation>true</s:isExclusiveAssociation>
                    <s:maxNumSourceInstances>1</s:maxNumSourceInstances>
                    <s:maxNumTargetInstances>1</s:maxNumTargetInstances>
                    <!--CLOUD_ACCOUNTS -->
                        <s:idcsAssociations>
                                <s:idcsAssociation>
                                        <s:sourceAppId>APAAS_IMPERSONATE</s:sourceAppId>
                                        <s:targetRole>STORAGE_SERVICE_MANAGER_ROLE</s:targetRole>
                                 </s:idcsAssociation>
                         </s:idcsAssociations>
                    <!--CLOUD_ACCOUNTS -->                
                </s:targetAssociationInfo>
            </s:targetAssociations>
        </s:association>
        <s:association>
            <s:sourceConfig>
                <s:name>CUSTOM</s:name>
                <s:offeringType>ALL</s:offeringType>
            </s:sourceConfig>
            <s:targetAssociations>
                <s:targetAssociationInfo>
                    <s:serviceInfo>
                        <s:name>Compute</s:name>
                        <s:srvcConfigs>
                            <s:srvcConfig>
                                <s:name>CUSTOM</s:name>
                                <s:offeringType>ALL</s:offeringType>
                            </s:srvcConfig>
                        </s:srvcConfigs>
                    </s:serviceInfo>
                    <s:isMandatoryAssociation>true</s:isMandatoryAssociation>
                    <s:createNewSubscription>false</s:createNewSubscription>
                    <s:isExclusiveAssociation>true</s:isExclusiveAssociation>
                    <s:maxNumSourceInstances>1</s:maxNumSourceInstances>
                    <s:maxNumTargetInstances>1</s:maxNumTargetInstances>
                        <!--CLOUD_ACCOUNTS -->
                        <s:idcsAssociations>
                                <s:idcsAssociation>
                                        <s:sourceAppId>APAAS_IMPERSONATE</s:sourceAppId>
                                        <s:targetRole>COMPUTE_IMP_APPID</s:targetRole>
                                </s:idcsAssociation>
                        </s:idcsAssociations>
                        <!--CLOUD_ACCOUNTS -->
                </s:targetAssociationInfo>
            </s:targetAssociations>
        </s:association>
    </s:associations>
</s:tasBlueprint>
